{
  "job_id": "job_20260408_winner",
  "timestamp": "2026-04-09T03:38:35.107983",
  "train_results_file": "results/result_combined.json",
  "n_trials": 100,
  "total_elapsed_seconds": 32691.73,
  "device": "cuda",
  "results": [
    {
      "family": "LightGBM",
      "model": "LightGBM",
      "features": "tfidf_char_all",
      "rank": 1,
      "n_trials": 100,
      "n_completed": 100,
      "n_pruned": 0,
      "best_params": {
        "n_estimators": 703,
        "learning_rate": 0.04803798791611221,
        "num_leaves": 121,
        "max_depth": 15,
        "min_child_samples": 12,
        "subsample": 0.7613723477870393,
        "colsample_bytree": 0.4510978938604261,
        "reg_alpha": 0.008467408847902242,
        "reg_lambda": 0.8968624517209199
      },
      "tune_elapsed_seconds": 29423.29,
      "baseline_val_f1": 0.7587,
      "baseline_test_f1": 0.7514,
      "val_accuracy": 0.7606,
      "val_f1_macro": 0.7634,
      "val_f1_weighted": 0.7609,
      "test_accuracy": 0.7484,
      "test_f1_macro": 0.7513,
      "test_f1_weighted": 0.7483,
      "val_report": "              precision    recall  f1-score   support\n\n    negative       0.75      0.77      0.76       778\n     neutral       0.73      0.74      0.74      1112\n    positive       0.81      0.78      0.79       859\n\n    accuracy                           0.76      2749\n   macro avg       0.76      0.76      0.76      2749\nweighted avg       0.76      0.76      0.76      2749\n",
      "test_report": "              precision    recall  f1-score   support\n\n    negative       0.73      0.75      0.74      1001\n     neutral       0.72      0.71      0.72      1430\n    positive       0.79      0.80      0.79      1103\n\n    accuracy                           0.75      3534\n   macro avg       0.75      0.75      0.75      3534\nweighted avg       0.75      0.75      0.75      3534\n"
    },
    {
      "family": "LightGBM",
      "model": "LightGBM",
      "features": "tfidf_bigram_all",
      "rank": 2,
      "n_trials": 100,
      "n_completed": 100,
      "n_pruned": 0,
      "best_params": {
        "n_estimators": 1874,
        "learning_rate": 0.04055456354452991,
        "num_leaves": 60,
        "max_depth": 15,
        "min_child_samples": 9,
        "subsample": 0.5936191910025603,
        "colsample_bytree": 0.413357154131749,
        "reg_alpha": 1.1367916850488435e-07,
        "reg_lambda": 2.6664915941925473e-08
      },
      "tune_elapsed_seconds": 3077.6,
      "baseline_val_f1": 0.7357,
      "baseline_test_f1": 0.744,
      "val_accuracy": 0.7497,
      "val_f1_macro": 0.7519,
      "val_f1_weighted": 0.7495,
      "test_accuracy": 0.74,
      "test_f1_macro": 0.7428,
      "test_f1_weighted": 0.7392,
      "val_report": "              precision    recall  f1-score   support\n\n    negative       0.73      0.76      0.74       778\n     neutral       0.74      0.71      0.72      1112\n    positive       0.79      0.79      0.79       859\n\n    accuracy                           0.75      2749\n   macro avg       0.75      0.75      0.75      2749\nweighted avg       0.75      0.75      0.75      2749\n",
      "test_report": "              precision    recall  f1-score   support\n\n    negative       0.71      0.76      0.74      1001\n     neutral       0.73      0.68      0.70      1430\n    positive       0.78      0.80      0.79      1103\n\n    accuracy                           0.74      3534\n   macro avg       0.74      0.75      0.74      3534\nweighted avg       0.74      0.74      0.74      3534\n"
    }
  ]
}